first_name,last_name,company,title,email_1,email_2,email_3,email_4,email_5,phone_number_1,phone_number_2,phone_number_3,phone_number_4,phone_number_5,address_1,address_2,address_3,address_4,address_5
Ceasar,Huel,Prohaska-Bergstrom,Central Factors Executive,ceasar_huel@harber.org,ceasar_huel@hoppe.info,ceasar.huel@becker.info,huel.ceasar@mclaughlin.org,huel.ceasar@vonruedenfriesen.net,1-772-985-7797,,,,,"878 Kareem Dale
Waelchistad, Indiana 98726-0192","7151 Price Glen
Parisianshire, South Dakota 21901","89855 Assunta Plain
Port Einochester, Delaware 26264-6449",,
Pattie,Cummerata,"Raynor, Bauch and Fisher",Global Mobility Officer,cummerata_pattie@wisoky.name,cummerata.pattie@kemmer.org,cummerata_pattie@sengerhomenick.org,cummerata_pattie@veum.net,pattie.cummerata@lemke.biz,406-504-2094,489.318.2395,,,,"2072 Stamm Harbor
North Rebaland, Wisconsin 55498-0148","13292 Jarred Ramp
Audreyborough, North Carolina 49367","14177 D'Amore Run
North Thurmanmouth, Georgia 73696-5143","672 Gleichner Crest
Shannatown, Ohio 88848-5742","81761 Danika Turnpike
Karianneside, North Dakota 27343"